steer_timestamp,pend_angle
1.079,-0.043
1.097,-0.043
1.107,-0.043
1.116,-0.043
1.138,-0.043
1.15,-0.043
1.163,-0.043
1.179,-0.043
1.186,-0.043
1.199,-0.043
1.213,-0.043
1.225,-0.043
1.239,-0.043
1.249,-0.043
1.274,-0.043
1.279,-0.043
1.286,-0.043
1.299,-0.043
1.319,-0.043
1.328,-0.043
1.341,-0.043
1.357,-0.043
1.365,-0.043
1.376,-0.043
1.386,-0.043
1.401,-0.043
1.412,-0.043
1.437,-0.043
1.448,-0.043
1.461,-0.043
1.474,-0.043
1.486,-0.043
1.498,-0.043
1.511,-0.043
1.523,-0.043
1.537,-0.043
1.549,-0.043
1.561,-0.043
1.573,-0.043
1.586,-0.043
1.604,-0.043
1.616,-0.043
1.628,-0.043
1.639,-0.043
1.649,-0.043
1.662,-0.043
1.677,-0.043
1.699,-0.043
1.711,-0.043
1.724,-0.043
1.737,-0.043
1.749,-0.043
1.762,-0.043
1.774,-0.043
1.787,-0.043
1.799,-0.043
1.813,-0.043
1.825,-0.043
1.836,-0.043
1.849,-0.043
1.861,-0.043
1.874,-0.043
1.886,-0.043
1.899,-0.043
1.911,-0.043
1.923,-0.043
1.937,-0.043
1.949,-0.043
1.963,-0.043
1.974,-0.043
1.989,-0.043
2,-0.043
2.013,-0.043
2.024,-0.043
2.036,-0.043
2.048,-0.043
2.061,-0.043
2.076,-0.043
2.087,-0.043
2.099,-0.043
2.111,-0.043
2.124,-0.043
2.136,-0.043
2.152,-0.043
2.162,-0.043
2.173,-0.043
2.186,-0.043
2.202,-0.043
2.211,-0.043
2.225,-0.043
2.237,-0.043
2.249,-0.043
2.261,-0.043
2.274,-0.043
2.286,-0.043
2.305,-0.043
2.312,-0.043
2.336,-0.043
2.349,-0.043
2.361,-0.043
2.374,-0.043
2.387,-0.043
2.399,-0.043
2.411,-0.043
2.423,-0.043
2.437,-0.043
2.449,-0.043
2.461,-0.043
2.474,-0.043
2.498,-0.043
2.512,-0.043
2.524,-0.043
2.537,-0.043
2.549,-0.043
2.561,-0.043
2.574,-0.043
2.587,-0.043
2.599,-0.043
2.611,-0.043
2.627,-0.043
2.636,-0.043
2.649,-0.043
2.662,-0.043
2.673,-0.043
2.687,-0.043
2.7,-0.043
2.711,-0.043
2.738,-0.043
2.748,-0.043
2.762,-0.043
2.774,-0.043
2.787,-0.043
2.799,-0.043
2.815,-0.043
2.824,-0.043
2.838,-0.043
2.849,-0.043
2.861,-0.043
2.874,-0.043
2.888,-0.043
2.9,-0.043
2.912,-0.043
2.924,-0.043
2.936,-0.043
2.951,-0.043
2.961,-0.043
2.974,-0.043
2.986,-0.043
3,-0.043
3.012,-0.043
3.024,-0.043
3.037,-0.043
3.051,-0.043
3.062,-0.043
3.074,-0.043
3.087,-0.043
3.1,-0.043
3.113,-0.043
3.125,-0.043
3.136,-0.043
3.152,-0.043
3.164,-0.043
3.186,-0.043
3.202,-0.043
3.212,-0.043
3.224,-0.043
3.24,-0.043
3.25,-0.043
3.261,-0.043
3.273,-0.043
3.286,-0.043
3.302,-0.043
3.311,-0.043
3.323,-0.043
3.336,-0.043
3.348,-0.043
3.361,-0.043
3.373,-0.043
3.387,-0.043
3.4,-0.043
3.415,-0.043
3.424,-0.043
3.436,-0.043
3.449,-0.043
3.461,-0.043
3.474,-0.043
3.486,-0.043
3.5,-0.043
3.511,-0.043
3.524,-0.043
3.542,-0.043
3.561,-0.043
3.574,-0.043
3.586,-0.043
3.599,-0.043
3.611,-0.043
3.624,-0.043
3.635,-0.043
3.649,-0.043
3.661,-0.043
3.674,-0.043
3.686,-0.043
3.703,-0.043
3.711,-0.043
3.737,-0.043
3.749,-0.043
3.76,-0.043
3.774,-0.043
3.786,-0.043
3.799,-0.043
3.811,-0.043
3.823,-0.043
3.836,-0.043
3.849,-0.043
3.862,-0.043
3.873,-0.043
3.886,-0.043
3.9,-0.043
3.913,-0.043
3.923,-0.043
3.936,-0.043
3.948,-0.043
3.961,-0.043
3.974,-0.043
3.986,-0.043
3.998,-0.043
4.015,-0.043
4.026,-0.043
4.036,-0.043
4.05,-0.043
4.062,-0.043
4.075,-0.043
4.089,-0.043
4.1,-0.043
4.111,-0.043
4.135,-0.043
4.149,-0.043
4.161,-0.043
4.174,-0.043
4.186,-0.043
4.199,-0.043
4.213,-0.043
4.225,-0.043
4.238,-0.043
4.249,-0.043
4.261,-0.043
4.273,-0.043
4.285,-0.043
4.299,-0.043
4.313,-0.043
4.336,-0.043
4.35,-0.043
4.362,-0.043
4.374,-0.043
4.386,-0.043
4.398,-0.043
4.411,-0.043
4.424,-0.043
4.436,-0.043
4.448,-0.043
4.461,-0.043
4.474,-0.043
4.486,-0.043
4.499,-0.043
4.511,-0.043
4.523,-0.043
4.536,-0.043
4.548,-0.043
4.561,-0.043
4.575,-0.043
4.586,-0.043
4.6,-0.043
4.612,-0.043
4.624,-0.043
4.636,-0.043
4.649,-0.043
4.661,-0.043
4.674,-0.043
4.686,-0.043
4.7,-0.043
4.711,-0.043
4.724,-0.043
4.738,-0.043
4.749,-0.043
4.761,-0.043
4.774,-0.043
4.799,-0.043
4.812,-0.043
4.828,-0.043
4.837,-0.043
4.849,-0.043
4.861,-0.043
4.874,-0.043
4.886,-0.043
4.899,-0.043
4.911,-0.043
4.926,-0.043
4.936,-0.043
4.949,-0.043
4.961,-0.043
4.973,-0.043
4.986,-0.043
4.999,-0.043
5.012,-0.043
5.025,-0.043
5.038,-0.043
5.048,-0.043
5.061,-0.043
5.073,-0.043
5.087,-0.043
5.102,-0.043
5.112,-0.043
5.127,-0.043
5.137,-0.043
5.149,-0.043
5.162,-0.043
5.175,-0.043
5.188,-0.043
5.198,-0.043
5.211,-0.043
5.224,-0.043
5.237,-0.043
5.249,-0.043
5.261,-0.043
5.274,-0.043
5.286,-0.043
5.302,-0.043
5.311,-0.043
5.324,-0.043
5.339,-0.043
5.349,-0.043
5.361,-0.043
5.375,-0.043
5.387,-0.043
5.399,-0.043
5.41,-0.043
5.436,-0.043
5.449,-0.043
5.461,-0.043
5.474,-0.043
5.486,-0.043
5.499,-0.043
5.511,-0.043
5.524,-0.043
5.536,-0.043
5.55,-0.043
5.562,-0.043
5.574,-0.043
5.585,-0.043
5.599,-0.043
5.611,-0.043
5.624,-0.043
5.638,-0.043
5.648,-0.043
5.66,-0.043
5.674,-0.043
5.698,-0.043
5.712,-0.043
5.723,-0.043
5.736,-0.043
5.749,-0.043
5.762,-0.043
5.774,-0.043
5.787,-0.043
5.799,-0.043
5.812,-0.043
5.825,-0.043
5.836,-0.043
5.849,-0.043
5.861,-0.043
5.874,-0.043
5.886,-0.043
5.899,-0.043
5.911,-0.043
5.936,-0.043
5.961,-0.043
5.986,-0.043
5.999,-0.043
6.011,-0.043
6.024,-0.043
6.036,-0.043
6.049,-0.043
6.063,-0.043
6.074,-0.043
6.086,-0.043
6.1,-0.043
6.111,-0.043
6.125,-0.043
6.136,-0.043
6.149,-0.043
6.161,-0.043
6.174,-0.043
6.185,-0.043
6.199,-0.043
6.211,-0.043
6.224,-0.043
6.237,-0.043
6.249,-0.043
6.261,-0.043
6.274,-0.043
6.286,-0.043
6.298,-0.043
6.311,-0.043
6.324,-0.043
6.336,-0.043
6.348,-0.043
6.362,-0.043
6.373,-0.043
6.386,-0.043
6.398,-0.043
6.411,-0.043
6.423,-0.043
6.436,-0.043
6.448,-0.043
6.461,-0.043
6.474,-0.043
6.486,-0.043
6.498,-0.043
6.511,-0.043
6.523,-0.043
6.536,-0.043
6.549,-0.043
6.561,-0.043
6.574,-0.043
6.587,-0.043
6.6,-0.043
6.611,-0.043
6.625,-0.043
6.636,-0.043
6.649,-0.043
6.661,-0.043
6.674,-0.043
6.686,-0.043
6.699,-0.043
6.711,-0.043
6.725,-0.043
6.737,-0.043
6.749,-0.043
6.761,-0.043
6.774,-0.043
6.785,-0.043
6.799,-0.043
6.81,-0.043
6.824,-0.043
6.849,-0.043
6.861,-0.043
6.873,-0.043
6.886,-0.043
6.899,-0.043
6.913,-0.043
6.924,-0.043
6.937,-0.043
6.95,-0.043
6.961,-0.043
6.973,-0.043
6.986,-0.043
6.999,-0.043
7.012,-0.043
7.024,-0.043
7.036,-0.043
7.049,-0.043
7.062,-0.043
7.076,-0.043
7.088,-0.043
7.099,-0.043
7.117,-0.043
7.137,-0.043
7.148,-0.043
7.162,-0.043
7.174,-0.043
7.187,-0.043
7.2,-0.043
7.213,-0.043
7.226,-0.043
7.238,-0.043
7.251,-0.043
7.261,-0.043
7.274,-0.043
7.3,-0.043
7.311,-0.043
7.324,-0.043
7.336,-0.043
7.349,-0.043
7.361,-0.043
7.376,-0.043
7.386,-0.043
7.398,-0.043
7.417,-0.043
7.425,-0.043
7.436,-0.043
7.448,-0.043
7.461,-0.043
7.474,-0.043
7.486,-0.043
7.498,-0.043
7.512,-0.042
7.524,-0.042
7.536,-0.042
7.549,-0.042
7.562,-0.042
7.574,-0.042
7.586,-0.042
7.599,-0.042
7.611,-0.042
7.624,-0.042
7.639,-0.042
7.649,-0.043
7.662,-0.043
7.673,-0.043
7.686,-0.044
7.698,-0.044
7.711,-0.044
7.723,-0.044
7.737,-0.045
7.75,-0.045
7.761,-0.045
7.774,-0.045
7.787,-0.045
7.8,-0.045
7.811,-0.045
7.824,-0.045
7.836,-0.045
7.85,-0.045
7.862,-0.045
7.875,-0.045
7.886,-0.045
7.899,-0.045
7.911,-0.044
7.924,-0.043
7.937,-0.043
7.949,-0.042
7.961,-0.041
7.977,-0.04
7.986,-0.04
7.999,-0.039
8.011,-0.038
8.024,-0.037
8.036,-0.037
8.049,-0.037
8.061,-0.037
8.075,-0.037
8.086,-0.036
8.099,-0.036
8.114,-0.037
8.123,-0.037
8.136,-0.037
8.149,-0.037
8.162,-0.037
8.174,-0.037
8.187,-0.038
8.198,-0.038
8.213,-0.039
8.224,-0.039
8.237,-0.04
8.248,-0.04
8.261,-0.041
8.273,-0.041
8.286,-0.042
8.299,-0.042
8.312,-0.042
8.323,-0.042
8.336,-0.042
8.348,-0.042
8.361,-0.042
8.373,-0.042
8.386,-0.042
8.398,-0.041
8.411,-0.041
8.424,-0.041
8.436,-0.041
8.449,-0.041
8.461,-0.041
8.474,-0.041
8.486,-0.042
8.499,-0.042
8.511,-0.043
8.524,-0.045
8.536,-0.047
8.549,-0.049
8.561,-0.052
8.574,-0.06
8.587,-0.065
8.605,-0.07
8.611,-0.076
8.636,-0.093
8.65,-0.104
8.661,-0.113
8.674,-0.121
8.686,-0.134
8.699,-0.148
8.711,-0.157
8.725,-0.166
8.737,-0.185
8.749,-0.194
8.761,-0.204
8.776,-0.226
8.786,-0.238
8.8,-0.25
8.813,-0.271
8.824,-0.285
8.837,-0.306
8.849,-0.321
8.862,-0.344
8.873,-0.367
8.887,-0.383
8.898,-0.398
8.913,-0.422
8.937,-0.462
8.948,-0.478
8.961,-0.493
8.974,-0.509
8.986,-0.539
8.998,-0.554
9.012,-0.577
9.023,-0.591
9.037,-0.613
9.048,-0.626
9.061,-0.64
9.076,-0.666
9.087,-0.679
9.1,-0.692
9.111,-0.705
9.125,-0.718
9.136,-0.738
9.149,-0.757
9.162,-0.77
9.174,-0.788
9.188,-0.799
9.199,-0.805
9.212,-0.822
9.224,-0.828
9.239,-0.85
9.262,-0.871
9.274,-0.882
9.289,-0.892
9.299,-0.907
9.311,-0.916
9.325,-0.93
9.335,-0.939
9.349,-0.953
9.361,-0.962
9.373,-0.975
9.386,-0.984
9.398,-0.992
9.411,-1.001
9.424,-1.009
9.436,-1.017
9.448,-1.025
9.462,-1.032
9.473,-1.044
9.486,-1.055
9.499,-1.063
9.514,-1.07
9.523,-1.08
9.536,-1.09
9.548,-1.097
9.561,-1.107
9.573,-1.113
9.586,-1.122
9.598,-1.128
9.611,-1.136
9.627,-1.144
9.636,-1.149
9.648,-1.154
9.661,-1.161
9.673,-1.166
9.686,-1.173
9.7,-1.177
9.711,-1.18
9.724,-1.186
9.737,-1.189
9.749,-1.193
9.762,-1.197
9.774,-1.202
9.786,-1.206
9.799,-1.209
9.811,-1.213
9.825,-1.217
9.837,-1.22
9.851,-1.223
9.861,-1.224
9.885,-1.228
9.899,-1.228
9.911,-1.228
9.927,-1.227
9.938,-1.226
9.949,-1.224
9.961,-1.223
9.974,-1.221
9.985,-1.22
9.999,-1.217
10.012,-1.214
10.024,-1.213
10.036,-1.211
10.05,-1.209
10.06,-1.208
10.074,-1.206
10.087,-1.204
10.099,-1.202
10.111,-1.196
10.137,-1.179
10.148,-1.163
10.161,-1.141
10.174,-1.114
10.187,-1.094
10.199,-1.082
10.213,-1.045
10.225,-1.017
10.237,-0.97
10.248,-0.935
10.261,-0.898
10.274,-0.838
10.287,-0.817
10.3,-0.774
10.311,-0.73
10.324,-0.661
10.337,-0.614
10.349,-0.566
10.361,-0.494
10.374,-0.423
10.386,-0.373
10.399,-0.326
10.411,-0.279
10.424,-0.208
10.436,-0.137
10.449,-0.09
10.461,-0.044
10.474,0.051
10.485,0.098
10.499,0.142
10.511,0.188
10.527,0.254
10.549,0.361
10.561,0.402
10.575,0.443
10.587,0.502
10.598,0.539
10.611,0.575
10.624,0.626
10.636,0.658
10.652,0.715
10.661,0.728
10.673,0.752
10.686,0.774
10.698,0.793
10.712,0.81
10.724,0.817
10.736,0.833
10.749,0.843
10.762,0.845
10.773,0.844
10.786,0.84
10.799,0.834
10.813,0.825
10.823,0.814
10.836,0.801
10.848,0.786
10.861,0.769
10.876,0.751
10.887,0.73
10.9,0.696
10.911,0.671
10.923,0.645
10.938,0.617
10.949,0.587
10.961,0.557
10.974,0.507
10.986,0.49
10.999,0.454
11.012,0.454
11.025,0.328
11.036,0.289
11.049,0.19
11.061,0.17
11.09,0.067
11.099,0.026
11.113,-0.016
11.124,-0.036
11.136,-0.097
11.154,-0.157
11.161,-0.236
11.175,-0.236
11.186,-0.29
11.199,-0.29
11.211,-0.339
11.224,-0.473
11.237,-0.514
11.251,-0.551
11.263,-0.575
11.275,-0.606
11.286,-0.625
11.3,-0.649
11.315,-0.663
11.325,-0.675
11.337,-0.686
11.349,-0.694
11.362,-0.701
11.373,-0.704
11.387,-0.706
11.398,-0.709
11.411,-0.71
11.425,-0.71
11.436,-0.71
11.449,-0.708
11.461,-0.708
11.473,-0.697
11.486,-0.68
11.499,-0.68
11.512,-0.637
11.536,-0.61
11.549,-0.554
11.561,-0.542
11.574,-0.482
11.586,-0.456
11.599,-0.429
11.612,-0.414
11.624,-0.399
11.636,-0.368
11.649,-0.231
11.661,-0.215
11.679,-0.148
11.699,-0.099
11.711,-0.035
11.724,-0.003
11.737,0.028
11.749,0.075
11.761,0.105
11.775,0.136
11.786,0.15
11.799,0.194
11.811,0.207
11.823,0.221
11.837,0.288
11.85,0.323
11.861,0.333
11.874,0.343
11.887,0.369
11.899,0.383
11.911,0.469
11.923,0.479
11.936,0.491
11.949,0.499
11.961,0.503
11.973,0.504
11.986,0.506
11.999,0.505
12.012,0.501
12.024,0.497
12.036,0.489
12.049,0.485
12.061,0.468
12.074,0.463
12.087,0.451
12.098,0.438
12.111,0.424
12.124,0.409
12.137,0.401
12.15,0.383
12.164,0.336
12.174,0.325
12.186,0.283
12.199,0.26
12.211,0.236
12.224,0.177
12.239,0.128
12.249,0.105
12.262,0.054
12.275,0.029
12.286,-0.009
12.299,-0.046
12.312,-0.071
12.325,-0.108
12.337,-0.132
12.349,-0.167
12.361,-0.19
12.375,-0.223
12.386,-0.244
12.4,-0.264
12.415,-0.294
12.425,-0.312
12.436,-0.329
12.449,-0.345
12.461,-0.361
12.473,-0.375
12.486,-0.388
12.499,-0.405
12.511,-0.414
12.524,-0.426
12.536,-0.432
12.549,-0.434
12.562,-0.443
12.575,-0.444
12.587,-0.444
12.599,-0.443
12.611,-0.436
12.624,-0.431
12.637,-0.428
12.648,-0.422
12.661,-0.419
12.673,-0.414
12.687,-0.399
12.7,-0.383
12.711,-0.354
12.724,-0.347
12.737,-0.296
12.748,-0.279
12.761,-0.263
12.774,-0.237
12.786,-0.21
12.799,-0.192
12.811,-0.164
12.824,-0.145
12.836,-0.116
12.849,-0.097
12.862,-0.078
12.875,-0.059
12.888,-0.031
12.899,-0.012
12.911,0.006
12.925,0.025
12.936,0.042
12.949,0.059
12.961,0.068
12.975,0.085
12.986,0.094
12.999,0.117
13.011,0.154
13.026,0.161
13.037,0.181
13.049,0.192
13.061,0.229
13.074,0.241
13.086,0.248
13.099,0.256
13.124,0.26
13.136,0.266
13.149,0.268
13.16,0.268
13.175,0.266
13.186,0.263
13.2,0.259
13.211,0.255
13.224,0.25
13.237,0.241
13.249,0.238
13.262,0.224
13.276,0.216
13.286,0.204
13.299,0.194
13.312,0.185
13.323,0.18
13.337,0.158
13.349,0.152
13.362,0.135
13.373,0.123
13.386,0.116
13.399,0.11
13.412,0.084
13.424,0.078
13.436,0.071
13.449,0.071
13.461,0.05
13.473,0.01
13.486,-0.018
13.499,-0.031
13.512,-0.064
13.525,-0.064
13.538,-0.101
13.549,-0.112
13.561,-0.135
13.574,-0.156
13.586,-0.166
13.599,-0.17
13.611,-0.184
13.624,-0.192
13.636,-0.199
13.649,-0.206
13.661,-0.212
13.674,-0.22
13.686,-0.22
13.702,-0.226
13.711,-0.231
13.724,-0.232
13.736,-0.238
13.749,-0.237
13.761,-0.236
13.774,-0.234
13.785,-0.231
13.798,-0.224
13.811,-0.222
13.823,-0.213
13.836,-0.208
13.848,-0.199
13.861,-0.193
13.874,-0.181
13.887,-0.17
13.898,-0.163
13.912,-0.151
13.923,-0.143
13.936,-0.134
13.948,-0.122
13.961,-0.113
13.974,-0.1
13.986,-0.091
13.998,-0.082
14.011,-0.064
14.024,-0.06
14.037,-0.046
14.05,-0.033
14.061,-0.021
14.087,0
14.098,0.008
14.111,0.019
14.124,0.026
14.136,0.04
14.15,0.046
14.163,0.055
14.175,0.063
14.186,0.065
14.199,0.07
14.212,0.074
14.224,0.078
14.237,0.081
14.249,0.084
14.261,0.086
14.274,0.088
14.287,0.091
14.3,0.091
14.312,0.091
14.324,0.091
14.336,0.088
14.35,0.087
14.36,0.086
14.374,0.078
14.387,0.075
14.399,0.073
14.411,0.068
14.424,0.066
14.436,0.062
14.449,0.057
14.461,0.051
14.475,0.041
14.486,0.038
14.499,0.033
14.511,0.019
14.523,0.012
14.536,0.006
14.549,-0.001
14.562,-0.006
14.574,-0.011
14.586,-0.019
14.598,-0.023
14.612,-0.028
14.625,-0.035
14.636,-0.039
14.649,-0.043
14.662,-0.049
14.675,-0.053
14.687,-0.057
14.7,-0.062
14.712,-0.065
14.738,-0.071
14.75,-0.074
14.762,-0.077
14.774,-0.078
14.786,-0.079
14.799,-0.083
14.811,-0.084
14.823,-0.084
14.838,-0.086
14.85,-0.087
14.861,-0.087
14.875,-0.088
14.886,-0.087
14.9,-0.086
14.912,-0.084
14.925,-0.082
14.936,-0.081
14.949,-0.077
14.964,-0.075
14.986,-0.071
14.999,-0.067
15.011,-0.065
15.025,-0.063
15.036,-0.061
15.049,-0.059
15.061,-0.058
15.074,-0.056
15.1,-0.053
15.114,-0.052
15.126,-0.05
15.138,-0.05
15.149,-0.045
15.162,-0.043
15.174,-0.043
15.187,-0.042
15.199,-0.038
15.212,-0.038
15.225,-0.038
15.237,-0.036
15.249,-0.036
15.262,-0.035
15.275,-0.035
15.288,-0.035
15.299,-0.035
15.312,-0.035
15.326,-0.034
15.337,-0.033
15.349,-0.033
15.362,-0.033
15.376,-0.033
15.387,-0.033
15.398,-0.034
15.411,-0.034
15.424,-0.034
15.437,-0.034
15.449,-0.034
15.461,-0.034
15.474,-0.034
15.488,-0.034
15.499,-0.034
15.512,-0.034
15.524,-0.034
15.536,-0.034
15.549,-0.034
15.561,-0.034
15.574,-0.034
15.586,-0.034
15.599,-0.034
15.612,-0.034
15.624,-0.034
15.636,-0.034
15.651,-0.034
15.661,-0.034
15.675,-0.034
15.689,-0.034
15.699,-0.034
15.712,-0.034
15.724,-0.034
15.737,-0.034
15.749,-0.034
15.762,-0.034
15.774,-0.034
15.786,-0.034
15.798,-0.034
15.811,-0.034
15.824,-0.034
15.835,-0.034
15.849,-0.034
15.861,-0.034
15.874,-0.034
15.887,-0.034
15.898,-0.034
15.912,-0.034
15.924,-0.034
15.936,-0.034
15.949,-0.034
15.962,-0.034
15.974,-0.034
15.986,-0.034
15.999,-0.034
16.012,-0.034
16.023,-0.034
16.038,-0.034
16.049,-0.034
16.062,-0.034
16.074,-0.034
16.088,-0.034
16.103,-0.034
16.114,-0.034
16.123,-0.034
16.136,-0.034
16.149,-0.034
16.161,-0.034
16.174,-0.034
16.217,-0.034
16.218,-0.034
16.237,-0.034
16.25,-0.034
16.261,-0.034
16.274,-0.034
16.286,-0.034
16.299,-0.034
16.311,-0.034
16.324,-0.034
16.336,-0.034
16.35,-0.035
16.361,-0.035
16.375,-0.036
16.386,-0.037
16.4,-0.04
16.411,-0.042
16.425,-0.046
16.435,-0.051
16.449,-0.057
16.462,-0.063
16.474,-0.069
16.485,-0.074
16.499,-0.08
16.511,-0.09
16.523,-0.097
16.536,-0.105
16.548,-0.114
16.561,-0.123
16.574,-0.139
16.587,-0.156
16.599,-0.175
16.611,-0.195
16.626,-0.216
16.636,-0.238
16.648,-0.254
16.661,-0.27
16.674,-0.287
16.686,-0.303
16.698,-0.321
16.712,-0.347
16.724,-0.365
16.737,-0.393
16.75,-0.402
16.761,-0.421
16.774,-0.449
16.786,-0.468
16.8,-0.477
16.811,-0.523
16.824,-0.543
16.839,-0.552
16.849,-0.561
16.861,-0.608
16.876,-0.625
16.886,-0.652
16.9,-0.66
16.912,-0.677
16.925,-0.693
16.941,-0.749
16.949,-0.764
16.961,-0.785
16.976,-0.805
16.986,-0.818
16.999,-0.836
17.011,-0.847
17.023,-0.858
17.036,-0.868
17.049,-0.893
17.062,-0.902
17.075,-0.915
17.086,-0.923
17.099,-0.931
17.112,-0.942
17.124,-0.953
17.137,-0.964
17.149,-0.971
17.161,-0.982
17.175,-0.989
17.187,-1
17.199,-1.011
17.227,-1.023
17.237,-1.048
17.249,-1.056
17.261,-1.065
17.274,-1.074
17.287,-1.083
17.298,-1.092
17.311,-1.101
17.325,-1.116
17.337,-1.125
17.349,-1.135
17.364,-1.145
17.375,-1.155
17.386,-1.164
17.399,-1.169
17.412,-1.179
17.426,-1.188
17.436,-1.197
17.449,-1.206
17.461,-1.223
17.474,-1.228
17.486,-1.24
17.499,-1.24
17.511,-1.271
17.524,-1.271
17.536,-1.284
17.549,-1.287
17.561,-1.29
17.574,-1.301
17.587,-1.304
17.601,-1.311
17.611,-1.318
17.624,-1.32
17.636,-1.33
17.649,-1.33
17.66,-1.336
17.674,-1.343
17.686,-1.345
17.698,-1.346
17.711,-1.347
17.725,-1.348
17.737,-1.348
17.749,-1.349
17.761,-1.35
17.774,-1.35
17.787,-1.351
17.8,-1.351
17.811,-1.352
17.824,-1.352
17.839,-1.352
17.849,-1.353
17.862,-1.353
17.874,-1.353
17.886,-1.353
17.898,-1.353
17.913,-1.353
17.924,-1.353
17.949,-1.353
17.963,-1.353
17.975,-1.354
17.986,-1.356
18,-1.357
18.012,-1.359
18.024,-1.361
18.036,-1.362
18.049,-1.362
18.061,-1.362
18.075,-1.362
18.086,-1.36
18.1,-1.358
18.111,-1.355
18.124,-1.352
18.136,-1.346
18.15,-1.338
18.161,-1.333
18.174,-1.311
18.186,-1.311
18.199,-1.266
18.211,-1.228
18.224,-1.178
18.238,-1.127
18.25,-1.038
18.261,-0.997
18.274,-0.932
18.286,-0.886
18.299,-0.838
18.311,-0.764
18.324,-0.711
18.336,-0.63
18.351,-0.575
18.363,-0.518
18.386,-0.345
18.399,-0.258
18.412,-0.197
18.424,-0.138
18.436,-0.049
18.448,0.01
18.461,0.098
18.474,0.155
18.487,0.239
18.498,0.294
18.511,0.374
18.524,0.425
18.537,0.479
18.561,0.596
18.573,0.642
18.586,0.684
18.599,0.78
18.611,0.814
18.625,0.844
18.637,0.855
18.649,0.922
18.662,0.938
18.674,0.942
18.685,0.942
18.699,0.938
18.711,0.931
18.724,0.915
18.737,0.902
18.749,0.878
18.761,0.859
18.774,0.838
18.787,0.838
18.799,0.79
18.812,0.763
18.824,0.734
18.836,0.703
18.85,0.67
18.863,0.653
18.874,0.617
18.886,0.56
18.899,0.521
18.913,0.478
18.936,0.308
18.949,0.195
18.961,0.082
18.974,0.037
18.987,-0.031
18.998,-0.076
19.012,-0.142
19.024,-0.186
19.037,-0.272
19.048,-0.292
19.061,-0.353
19.075,-0.393
19.086,-0.45
19.1,-0.504
19.111,-0.538
19.137,-0.617
19.149,-0.646
19.167,-0.672
19.186,-0.709
19.201,-0.73
19.211,-0.758
19.237,-0.788
19.249,-0.795
19.261,-0.807
19.274,-0.822
19.287,-0.824
19.299,-0.821
19.311,-0.809
19.327,-0.8
19.34,-0.784
19.349,-0.762
19.361,-0.746
19.374,-0.728
19.388,-0.697
19.399,-0.675
19.411,-0.651
19.424,-0.625
19.436,-0.599
19.449,-0.57
19.461,-0.541
19.475,-0.509
19.487,-0.477
19.499,-0.444
19.51,-0.411
19.524,-0.376
19.536,-0.376
19.548,-0.323
19.561,-0.286
19.573,-0.212
19.586,-0.194
19.598,-0.156
19.611,-0.137
19.624,-0.137
19.636,-0.063
19.649,-0.045
19.662,-0.009
19.674,0.155
19.687,0.171
19.699,0.187
19.712,0.303
19.723,0.347
19.738,0.388
19.748,0.388
19.761,0.425
19.774,0.472
19.786,0.483
19.798,0.493
19.814,0.528
19.836,0.556
19.849,0.583
19.861,0.593
19.887,0.6
19.899,0.6
19.913,0.599
19.927,0.591
19.937,0.585
19.949,0.576
19.961,0.557
19.974,0.53
19.986,0.523
19.999,0.481
20.012,0.462
20.036,0.419
20.048,0.396
20.061,0.373
20.074,0.348
20.086,0.323
20.099,0.297
20.111,0.243
20.125,0.199
20.136,0.156
20.151,0.112
20.162,0.052
20.173,0.022
20.186,-0.022
20.2,-0.067
20.212,-0.11
20.224,-0.139
20.236,-0.167
20.248,-0.208
20.262,-0.248
20.274,-0.273
20.288,-0.297
20.299,-0.309
20.313,-0.332
20.337,-0.386
20.348,-0.405
20.361,-0.431
20.373,-0.438
20.387,-0.468
20.4,-0.479
20.411,-0.5
20.436,-0.514
20.449,-0.519
20.461,-0.525
20.474,-0.525
20.486,-0.524
20.501,-0.521
20.511,-0.518
20.537,-0.506
20.549,-0.49
20.561,-0.475
20.574,-0.451
20.586,-0.444
20.599,-0.399
20.611,-0.382
20.624,-0.364
20.636,-0.345
20.649,-0.306
20.661,-0.285
20.674,-0.264
20.686,-0.243
20.699,-0.21
20.713,-0.176
20.724,-0.153
20.737,-0.13
20.75,-0.107
20.761,-0.096
20.775,-0.072
20.786,-0.061
20.8,-0.038
20.811,-0.015
20.824,0.007
20.838,0.029
20.849,0.051
20.862,0.114
20.874,0.123
20.887,0.162
20.899,0.18
20.913,0.237
20.938,0.271
20.949,0.288
20.962,0.299
20.974,0.308
20.998,0.328
21.013,0.332
21.024,0.336
21.036,0.337
21.048,0.337
21.061,0.336
21.073,0.333
21.087,0.326
21.1,0.321
21.111,0.318
21.136,0.301
21.149,0.292
21.161,0.288
21.175,0.278
21.186,0.273
21.2,0.262
21.211,0.251
21.226,0.239
21.239,0.226
21.251,0.219
21.261,0.205
21.274,0.184
21.286,0.138
21.301,0.138
21.312,0.089
21.325,0.081
21.336,0.073
21.348,0.03
21.361,0.013
21.375,-0.012
21.386,-0.029
21.398,-0.037
21.411,-0.078
21.424,-0.094
21.436,-0.11
21.449,-0.133
21.46,-0.14
21.473,-0.155
21.486,-0.169
21.5,-0.195
21.513,-0.201
21.526,-0.212
21.537,-0.229
21.549,-0.239
21.562,-0.239
21.574,-0.278
21.587,-0.278
21.598,-0.288
21.613,-0.292
21.623,-0.294
21.636,-0.296
21.649,-0.296
21.663,-0.296
21.678,-0.289
21.686,-0.286
21.698,-0.281
21.711,-0.273
21.723,-0.268
21.737,-0.258
21.749,-0.251
21.761,-0.24
21.774,-0.232
21.786,-0.219
21.8,-0.204
21.811,-0.194
21.826,-0.179
21.836,-0.168
21.849,-0.157
21.861,-0.145
21.874,-0.134
21.886,-0.111
21.899,-0.099
21.911,-0.087
21.924,-0.075
21.936,-0.064
21.949,-0.04
21.961,-0.028
21.974,-0.006
21.986,0
21.999,0.016
22.011,0.036
22.024,0.046
22.037,0.056
22.049,0.065
22.061,0.073
22.075,0.081
22.088,0.089
22.099,0.103
22.113,0.109
22.143,0.115
22.149,0.127
22.161,0.132
22.174,0.138
22.187,0.139
22.199,0.141
22.211,0.141
22.225,0.141
22.236,0.14
22.249,0.138
22.261,0.137
22.273,0.135
22.286,0.132
22.299,0.13
22.312,0.126
22.325,0.122
22.337,0.12
22.349,0.116
22.361,0.116
22.374,0.116
22.386,0.102
22.399,0.092
22.411,0.077
22.425,0.077
22.436,0.077
22.45,0.067
22.461,0.046
22.474,0.028
22.487,0.028
22.5,0.009
22.511,0.006
22.524,-0.009
22.536,-0.013
22.549,-0.031
22.561,-0.045
22.575,-0.048
22.586,-0.062
22.599,-0.074
22.611,-0.08
22.625,-0.093
22.649,-0.102
22.661,-0.107
22.673,-0.112
22.685,-0.117
22.699,-0.12
22.711,-0.124
22.725,-0.126
22.737,-0.128
22.749,-0.129
22.762,-0.129
22.774,-0.128
22.786,-0.128
22.799,-0.126
22.811,-0.124
22.824,-0.121
22.837,-0.119
22.872,-0.114
22.874,-0.11
22.886,-0.106
22.899,-0.101
22.911,-0.096
22.924,-0.091
22.937,-0.086
22.949,-0.082
22.962,-0.079
22.974,-0.075
22.987,-0.068
22.998,-0.065
23.011,-0.061
23.024,-0.053
23.036,-0.05
23.061,-0.039
23.075,-0.036
23.099,-0.029
23.111,-0.026
23.124,-0.022
23.136,-0.019
23.15,-0.016
23.161,-0.014
23.175,-0.01
23.186,-0.008
23.199,-0.005
23.211,-0.004
23.225,-0.003
23.238,-0.002
23.279,-0.001
23.28,0
23.286,0
23.299,0
23.311,0
23.324,-0.001
23.337,-0.001
23.349,-0.002
23.36,-0.003
23.373,-0.005
23.387,-0.006
23.398,-0.007
23.412,-0.009
23.424,-0.01
23.437,-0.012
23.448,-0.013
23.461,-0.016
23.474,-0.017
23.486,-0.02
23.498,-0.022
23.511,-0.023
23.523,-0.024
23.537,-0.025
23.548,-0.026
23.561,-0.027
23.573,-0.028
23.586,-0.029
23.598,-0.03
23.612,-0.03
23.624,-0.031
23.636,-0.031
23.649,-0.032
23.661,-0.032
23.675,-0.032
23.686,-0.032
23.699,-0.032
23.711,-0.032
23.724,-0.032
23.737,-0.032
23.749,-0.032
23.761,-0.032
23.775,-0.032
23.786,-0.031
23.8,-0.031
23.811,-0.031
23.824,-0.031
23.836,-0.03
23.849,-0.029
23.86,-0.029
23.875,-0.029
23.886,-0.029
23.9,-0.029
23.911,-0.029
23.924,-0.029
23.936,-0.029
23.949,-0.029
23.963,-0.029
23.974,-0.029
23.986,-0.029
23.999,-0.029
24.012,-0.029
24.024,-0.03
24.037,-0.03
24.048,-0.03
24.062,-0.03
24.088,-0.03
24.1,-0.03
24.112,-0.03
24.124,-0.03
24.137,-0.03
24.15,-0.03
24.162,-0.03
24.173,-0.03
24.187,-0.03
24.198,-0.03
24.212,-0.03
24.223,-0.03
24.238,-0.03
24.248,-0.03
24.261,-0.03
24.275,-0.03
24.286,-0.03
24.3,-0.03
24.312,-0.03
24.324,-0.03
24.336,-0.03
24.349,-0.03
24.361,-0.03
24.374,-0.03
24.386,-0.03
24.401,-0.031
24.411,-0.031
24.425,-0.032
24.436,-0.032
24.45,-0.032
24.461,-0.032
24.474,-0.032
24.486,-0.032
24.504,-0.031
24.512,-0.031
24.536,-0.031
24.549,-0.031
24.561,-0.03
24.574,-0.03
24.586,-0.03
24.599,-0.03
24.612,-0.03
24.623,-0.031
24.636,-0.031
24.648,-0.031
24.664,-0.031
24.674,-0.031
24.687,-0.031
24.7,-0.031
24.711,-0.031
24.724,-0.03
24.736,-0.03
24.749,-0.029
24.762,-0.029
24.775,-0.029
24.786,-0.027
24.798,-0.027
24.812,-0.027
24.824,-0.028
24.836,-0.028
24.848,-0.028
24.861,-0.029
24.874,-0.029
24.887,-0.03
24.9,-0.03
24.911,-0.03
24.926,-0.032
24.951,-0.032
24.962,-0.032
24.974,-0.032
24.988,-0.032
24.999,-0.032
25.012,-0.031
25.027,-0.031
25.036,-0.031
25.049,-0.031
25.062,-0.031
25.075,-0.03
25.086,-0.03
25.1,-0.03
25.111,-0.03
25.124,-0.029
25.136,-0.029
25.151,-0.029
25.161,-0.028
25.175,-0.028
25.186,-0.028
25.2,-0.028
25.214,-0.028
25.226,-0.028
25.238,-0.028
25.249,-0.028
25.262,-0.028
25.274,-0.028
25.287,-0.028
25.298,-0.029
25.312,-0.029
25.324,-0.029
25.337,-0.03
25.348,-0.03
25.362,-0.031
25.387,-0.031
25.399,-0.032
25.412,-0.032
25.424,-0.032
25.436,-0.032
25.461,-0.032
25.475,-0.032
25.487,-0.032
25.499,-0.032
25.521,-0.032
25.536,-0.032
25.549,-0.032
25.561,-0.032
25.574,-0.032
25.586,-0.032
25.599,-0.032
25.611,-0.032
25.624,-0.032
25.636,-0.031
25.649,-0.031
25.66,-0.031
25.674,-0.031
25.686,-0.031
25.699,-0.03
25.711,-0.03
25.724,-0.03
25.737,-0.03
25.749,-0.03
25.762,-0.03
25.774,-0.03
25.785,-0.031
25.799,-0.031
25.811,-0.031
25.826,-0.031
25.835,-0.031
25.849,-0.031
25.861,-0.031
25.874,-0.031
25.887,-0.03
25.899,-0.029
25.911,-0.026
25.924,-0.025
25.937,-0.022
25.949,-0.017
25.961,-0.014
25.974,-0.01
25.988,-0.007
25.999,-0.002
26.012,0.002
26.024,0.008
26.036,0.014
26.061,0.024
26.073,0.028
26.087,0.028
26.098,0.04
26.111,0.048
26.124,0.067
26.136,0.067
26.15,0.067
26.161,0.067
26.175,0.107
26.186,0.107
26.199,0.114
26.211,0.143
26.224,0.24
26.237,0.281
26.249,0.316
26.261,0.332
26.274,0.349
26.286,0.374
26.299,0.399
26.31,0.416
26.324,0.433
26.336,0.449
26.35,0.474
26.361,0.497
26.386,0.535
26.399,0.556
26.411,0.577
26.425,0.596
26.436,0.609
26.451,0.622
26.461,0.641
26.474,0.659
26.488,0.672
26.499,0.684
26.512,0.701
26.524,0.718
26.537,0.734
26.549,0.745
26.562,0.761
26.575,0.771
26.587,0.781
26.598,0.794
26.611,0.807
26.623,0.815
26.637,0.829
26.648,0.836
26.661,0.845
26.675,0.854
26.686,0.859
26.7,0.867
26.711,0.873
26.726,0.877
26.742,0.881
26.749,0.885
26.761,0.888
26.773,0.891
26.786,0.893
26.8,0.897
26.811,0.898
26.824,0.899
26.866,0.903
26.867,0.904
26.886,0.906
26.9,0.907
26.911,0.907
26.925,0.908
26.937,0.908
26.949,0.909
26.961,0.91
26.974,0.91
26.986,0.91
26.999,0.912
27.011,0.913
27.025,0.913
27.036,0.914
27.05,0.914
27.061,0.914
27.075,0.915
27.086,0.914
27.1,0.913
27.112,0.909
27.124,0.905
27.137,0.896
27.149,0.888
27.163,0.879
27.174,0.868
27.187,0.848
27.199,0.831
27.213,0.802
27.226,0.77
27.237,0.733
27.25,0.706
27.261,0.664
27.274,0.633
27.287,0.585
27.3,0.551
27.311,0.517
27.326,0.481
27.337,0.443
27.349,0.404
27.367,0.345
27.374,0.324
27.386,0.283
27.399,0.198
27.414,0.155
27.423,0.111
27.436,0.023
27.449,0.023
27.461,-0.088
27.475,-0.152
27.486,-0.195
27.499,-0.236
27.512,-0.297
27.524,-0.354
27.537,-0.391
27.549,-0.427
27.561,-0.461
27.575,-0.493
27.586,-0.541
27.6,-0.583
27.612,-0.622
27.624,-0.646
27.637,-0.668
27.65,-0.698
27.665,-0.715
27.686,-0.738
27.698,-0.755
27.712,-0.768
27.724,-0.774
27.736,-0.776
27.749,-0.776
27.761,-0.771
27.774,-0.762
27.786,-0.747
27.798,-0.727
27.812,-0.703
27.827,-0.676
27.838,-0.644
27.848,-0.622
27.889,-0.585
27.89,-0.545
27.89,-0.503
27.899,-0.473
27.911,-0.428
27.923,-0.38
27.937,-0.331
27.948,-0.28
27.961,-0.246
27.973,-0.193
27.986,-0.14
28,-0.087
28.011,-0.034
28.024,0.001
28.036,0.054
28.049,0.088
28.064,0.138
28.074,0.171
28.086,0.234
28.1,0.293
28.113,0.334
28.125,0.361
28.137,0.398
28.161,0.461
28.175,0.479
28.186,0.51
28.199,0.523
28.211,0.534
28.224,0.543
28.237,0.557
28.249,0.562
28.261,0.564
28.274,0.564
28.286,0.562
28.299,0.558
28.311,0.552
28.325,0.537
28.337,0.527
28.349,0.516
28.361,0.504
28.375,0.49
28.387,0.474
28.399,0.466
28.411,0.44
28.424,0.421
28.436,0.401
28.449,0.379
28.465,0.333
28.473,0.309
28.502,0.26
28.512,0.22
28.525,0.207
28.537,0.18
28.548,0.153
28.562,0.126
28.576,0.098
28.604,0.014
28.612,-0.014
28.637,-0.07
28.649,-0.109
28.665,-0.123
28.679,-0.15
28.686,-0.176
28.699,-0.214
28.711,-0.238
28.724,-0.273
28.738,-0.296
28.753,-0.317
28.761,-0.337
28.774,-0.357
28.786,-0.383
28.799,-0.407
28.812,-0.422
28.825,-0.435
28.836,-0.446
28.849,-0.461
28.861,-0.469
28.874,-0.473
28.886,-0.481
28.901,-0.485
28.911,-0.488
28.926,-0.489
28.937,-0.488
28.95,-0.486
28.962,-0.483
28.974,-0.478
28.987,-0.47
29.001,-0.463
29.012,-0.45
29.024,-0.439
29.036,-0.423
29.052,-0.397
29.061,-0.375
29.074,-0.359
29.088,-0.342
29.099,-0.325
29.112,-0.288
29.124,-0.259
29.137,-0.239
29.149,-0.209
29.161,-0.188
29.174,-0.156
29.186,-0.135
29.199,-0.103
29.211,-0.07
29.225,-0.038
29.237,-0.017
29.25,0.004
29.261,0.025
29.274,0.065
29.286,0.085
29.301,0.104
29.311,0.123
29.324,0.149
29.336,0.165
29.349,0.182
29.361,0.205
29.374,0.226
29.387,0.239
29.401,0.257
29.411,0.262
29.425,0.281
29.437,0.289
29.449,0.296
29.461,0.298
29.476,0.3
29.486,0.31
29.513,0.314
29.523,0.314
29.536,0.312
29.549,0.311
29.561,0.298
29.574,0.286
29.588,0.279
29.599,0.271
29.612,0.262
29.624,0.252
29.637,0.237
29.648,0.22
29.662,0.208
29.674,0.195
29.686,0.182
29.699,0.169
29.712,0.155
29.724,0.14
29.737,0.126
29.748,0.111
29.761,0.096
29.773,0.08
29.786,0.08
29.799,0.08
29.811,0.041
29.824,0.041
29.837,0.041
29.849,-0.053
29.861,-0.061
29.874,-0.075
29.886,-0.118
29.899,-0.118
29.911,-0.152
29.924,-0.176
29.936,-0.187
29.949,-0.198
29.961,-0.208
29.974,-0.226
29.987,-0.234
29.999,-0.242
30.011,-0.254
30.026,-0.259
30.036,-0.263
30.049,-0.269
30.061,-0.271
30.075,-0.271
30.086,-0.271
30.099,-0.269
30.111,-0.267
30.124,-0.26
30.137,-0.252
30.149,-0.247
30.161,-0.242
30.174,-0.23
30.186,-0.223
30.199,-0.216
30.212,-0.201
30.224,-0.192
30.236,-0.174
30.249,-0.165
30.261,-0.155
30.274,-0.135
30.287,-0.124
30.299,-0.114
30.312,-0.103
30.324,-0.093
30.34,-0.071
30.349,-0.066
30.362,-0.05
30.374,-0.039
30.387,-0.024
30.399,-0.009
30.411,0.001
30.423,0.011
30.439,0.025
30.45,0.038
30.463,0.047
30.475,0.055
30.486,0.063
30.501,0.07
30.512,0.077
30.525,0.09
30.536,0.096
30.55,0.101
30.561,0.106
30.575,0.11
30.587,0.113
30.602,0.118
30.611,0.119
30.624,0.121
30.637,0.123
30.649,0.124
30.662,0.125
30.675,0.125
30.687,0.124
30.699,0.123
30.711,0.122
30.724,0.12
30.737,0.116
30.749,0.112
30.761,0.112
30.774,0.105
30.786,0.092
30.799,0.089
30.812,0.077
30.824,0.075
30.851,0.064
30.862,0.049
30.874,0.043
30.887,0.037
30.899,0.033
30.912,0.023
30.924,0.02
30.937,0.01
30.949,0.004
30.964,-0.003
30.973,-0.003
30.986,-0.016
30.999,-0.019
31.011,-0.025
31.024,-0.037
31.038,-0.049
31.051,-0.062
31.065,-0.067
31.074,-0.07
31.086,-0.079
31.099,-0.087
31.111,-0.092
31.125,-0.096
31.136,-0.102
31.151,-0.106
31.161,-0.108
31.174,-0.109
31.186,-0.11
31.199,-0.111
31.212,-0.111
31.225,-0.11
31.237,-0.109
31.249,-0.108
31.261,-0.106
31.274,-0.104
31.287,-0.102
31.3,-0.1
31.312,-0.098
31.325,-0.095
31.349,-0.089
31.361,-0.086
31.374,-0.083
31.387,-0.079
31.399,-0.077
31.41,-0.074
31.424,-0.07
31.436,-0.066
31.462,-0.06
31.474,-0.058
31.486,-0.054
31.499,-0.051
31.512,-0.049
31.524,-0.045
31.536,-0.041
31.549,-0.038
31.561,-0.035
31.574,-0.033
31.586,-0.03
31.598,-0.028
31.612,-0.026
31.624,-0.024
31.636,-0.022
31.648,-0.021
31.663,-0.019
31.674,-0.018
31.686,-0.017
31.699,-0.016
31.711,-0.016
31.725,-0.015
31.738,-0.015
31.749,-0.015
31.761,-0.015
31.774,-0.015
31.786,-0.015
31.8,-0.015
31.813,-0.016
31.824,-0.016
31.836,-0.016
31.849,-0.017
31.861,-0.017
31.874,-0.017
31.886,-0.018
31.899,-0.018
31.911,-0.019
31.924,-0.019
31.936,-0.02
31.948,-0.02
31.963,-0.021
31.986,-0.023
31.999,-0.023
32.01,-0.024
32.026,-0.024
32.036,-0.025
32.049,-0.025
32.062,-0.026
32.074,-0.026
32.087,-0.026
32.099,-0.027
32.112,-0.027
32.124,-0.027
32.137,-0.027
32.149,-0.027
32.162,-0.027
32.175,-0.027
32.199,-0.027
32.212,-0.027
32.224,-0.027
32.239,-0.027
32.249,-0.027
32.261,-0.027
32.274,-0.027
32.298,-0.027
32.311,-0.027
32.324,-0.027
32.336,-0.027
32.349,-0.027
32.362,-0.027
32.374,-0.028
32.4,-0.028
32.411,-0.029
32.425,-0.029
32.436,-0.03
32.449,-0.03
32.461,-0.03
32.475,-0.031
32.487,-0.03
32.499,-0.03
32.513,-0.03
32.524,-0.029
32.536,-0.029
32.55,-0.029
32.56,-0.029
32.574,-0.029
32.586,-0.029
32.6,-0.029
32.612,-0.029
32.624,-0.03
32.636,-0.03
32.65,-0.03
32.662,-0.03
32.675,-0.03
32.687,-0.03
32.699,-0.03
32.712,-0.03
32.724,-0.03
32.749,-0.031
32.761,-0.031
32.773,-0.03
32.786,-0.03
32.8,-0.029
32.813,-0.029
32.824,-0.029
32.837,-0.028
32.849,-0.028
32.861,-0.027
32.874,-0.026
32.886,-0.026
32.898,-0.025
32.911,-0.025
32.924,-0.025
32.936,-0.024
32.949,-0.024
32.961,-0.023
32.974,-0.023
32.986,-0.022
32.999,-0.022
33.012,-0.022
33.024,-0.022
33.036,-0.022
33.05,-0.022
33.061,-0.023
33.087,-0.024
33.1,-0.024
33.112,-0.025
33.124,-0.025
33.136,-0.025
33.152,-0.026
33.161,-0.026
33.174,-0.026
33.187,-0.026
33.199,-0.026
33.211,-0.026
33.225,-0.026
33.238,-0.026
33.252,-0.025
33.262,-0.025
33.274,-0.024
33.288,-0.024
33.299,-0.024
33.312,-0.024
33.326,-0.023
33.337,-0.023
33.349,-0.023
33.362,-0.023
33.376,-0.023
33.387,-0.024
33.399,-0.024
33.413,-0.026
33.424,-0.026
33.436,-0.027
33.449,-0.028
33.462,-0.029
33.473,-0.03
33.486,-0.031
33.499,-0.032
33.511,-0.032
33.525,-0.033
33.536,-0.034
33.548,-0.034
33.561,-0.035
33.574,-0.035
33.586,-0.035
33.599,-0.035
33.611,-0.035
33.625,-0.035
33.637,-0.035
33.649,-0.035
33.662,-0.035
33.674,-0.035
33.687,-0.035
33.699,-0.033
33.712,-0.033
33.726,-0.033
33.749,-0.032
33.761,-0.032
33.776,-0.032
33.785,-0.032
33.799,-0.032
33.811,-0.032
33.824,-0.033
33.837,-0.033
33.849,-0.033
33.861,-0.033
33.875,-0.033
33.886,-0.033
33.899,-0.033
33.912,-0.033
33.924,-0.033
33.936,-0.033
33.95,-0.033
33.962,-0.032
33.974,-0.032
33.988,-0.032
33.999,-0.032
34.012,-0.032
34.023,-0.032
34.036,-0.032
34.048,-0.032
34.061,-0.032
34.086,-0.032
34.1,-0.032
34.122,-0.032
34.136,-0.032
34.148,-0.032
34.161,-0.032
34.174,-0.032
34.186,-0.032
34.203,-0.031
34.211,-0.031
34.237,-0.03
34.25,-0.03
34.261,-0.03
34.274,-0.029
34.287,-0.029
34.299,-0.029
34.311,-0.029
34.325,-0.028
34.336,-0.028
34.35,-0.028
34.362,-0.028
34.375,-0.028
34.387,-0.028
34.399,-0.028
34.412,-0.029
34.428,-0.029
34.437,-0.029
34.449,-0.03
34.461,-0.03
34.474,-0.031
34.486,-0.032
34.499,-0.032
34.513,-0.033
34.543,-0.033
34.548,-0.034
34.573,-0.034
34.586,-0.034
34.599,-0.034
34.611,-0.034
34.624,-0.034
34.636,-0.034
34.65,-0.034
34.661,-0.033
34.674,-0.033
34.686,-0.033
34.698,-0.033
34.711,-0.033
34.724,-0.033
34.737,-0.032
34.749,-0.032
34.762,-0.032
34.774,-0.032
34.786,-0.032
34.801,-0.031
34.811,-0.031
34.826,-0.031
34.85,-0.031
34.861,-0.031
34.875,-0.031
34.886,-0.031
34.899,-0.031
34.911,-0.031
34.924,-0.031
34.936,-0.031
34.949,-0.031
34.962,-0.031
34.975,-0.031
34.986,-0.031
35,-0.031
35.011,-0.031
35.024,-0.031
35.036,-0.031
35.049,-0.032
35.061,-0.032
35.074,-0.032
35.086,-0.032
35.099,-0.032
35.11,-0.032
35.126,-0.032
35.136,-0.032
35.15,-0.033
35.162,-0.033
35.173,-0.033
35.186,-0.033
35.199,-0.033
35.212,-0.033
35.228,-0.033
35.236,-0.033
35.249,-0.033
35.261,-0.033
35.273,-0.033
35.286,-0.032
35.299,-0.032
35.311,-0.032
35.324,-0.032
35.336,-0.031
35.349,-0.031
35.361,-0.03
35.374,-0.03
35.386,-0.03
35.399,-0.029
35.411,-0.029
35.424,-0.029
35.437,-0.028
35.449,-0.028
35.463,-0.028
35.474,-0.028
35.486,-0.028
35.499,-0.028
35.512,-0.028
35.525,-0.029
35.537,-0.029
35.549,-0.029
35.561,-0.029
35.576,-0.03
35.586,-0.03
35.599,-0.03
35.612,-0.031
35.624,-0.031
35.636,-0.031
35.649,-0.031
35.661,-0.031
35.674,-0.032
35.686,-0.032
35.7,-0.032
35.711,-0.032
35.724,-0.032
35.737,-0.032
35.749,-0.032
35.762,-0.031
35.773,-0.031
35.787,-0.031
35.8,-0.031
35.812,-0.031
35.824,-0.031
35.838,-0.031
35.849,-0.031
35.863,-0.031
35.888,-0.031
35.899,-0.031
35.912,-0.031
35.925,-0.031
35.937,-0.031
35.948,-0.031
35.961,-0.032
35.974,-0.032
35.987,-0.032
35.999,-0.032
36.012,-0.032
36.025,-0.032
36.037,-0.032
36.05,-0.032
36.061,-0.032
36.074,-0.032
36.086,-0.032
36.099,-0.032
36.111,-0.032
36.124,-0.032
36.136,-0.032
36.149,-0.032
36.161,-0.032
36.174,-0.032
36.186,-0.032
36.199,-0.033
36.211,-0.033
36.224,-0.033
36.237,-0.033
36.251,-0.033
36.261,-0.033
36.274,-0.033
36.286,-0.033
36.299,-0.033
36.311,-0.033
36.324,-0.033
36.336,-0.033
36.349,-0.034
36.361,-0.034
36.375,-0.034
36.386,-0.034
36.4,-0.034
36.412,-0.034
36.426,-0.034
36.438,-0.034
36.449,-0.035
36.467,-0.035
36.476,-0.035
36.49,-0.035
36.505,-0.035
36.513,-0.035
36.526,-0.034
36.539,-0.034
36.552,-0.034
36.562,-0.034
36.575,-0.034
36.587,-0.034
36.599,-0.034
36.612,-0.034
36.624,-0.034
36.637,-0.034
36.649,-0.034
36.662,-0.034
36.677,-0.034
36.7,-0.034
36.712,-0.033
36.725,-0.033
36.737,-0.033
36.75,-0.032
36.761,-0.032
36.775,-0.031
36.787,-0.031
36.799,-0.029
36.812,-0.028
36.825,-0.028
36.836,-0.027
36.85,-0.026
36.861,-0.025
36.887,-0.025
36.888,-0.024
36.9,-0.023
36.911,-0.023
36.924,-0.022
36.935,-0.022
36.949,-0.022
36.962,-0.021
36.975,-0.021
36.986,-0.021
36.999,-0.021
37.012,-0.021
37.024,-0.021
37.036,-0.021
37.049,-0.022
37.061,-0.022
37.074,-0.022
37.086,-0.023
37.099,-0.023
37.112,-0.023
37.124,-0.023
37.137,-0.024
37.149,-0.024
37.162,-0.024
37.174,-0.024
37.188,-0.025
37.199,-0.025
37.213,-0.025
37.224,-0.025
37.237,-0.027
37.251,-0.027
37.262,-0.028
37.277,-0.028
37.287,-0.029
37.3,-0.03
37.312,-0.031
37.325,-0.031
37.338,-0.032
37.349,-0.032
37.362,-0.033
37.373,-0.033
37.388,-0.034
37.4,-0.034
37.411,-0.035
37.425,-0.035
37.437,-0.035
37.449,-0.035
37.461,-0.036
37.474,-0.036
37.486,-0.036
37.5,-0.036
37.511,-0.036
37.524,-0.037
37.537,-0.037
37.551,-0.037
37.562,-0.037
37.574,-0.038
37.586,-0.038
37.6,-0.038
37.615,-0.038
37.624,-0.038
37.649,-0.038
37.662,-0.038
37.675,-0.038
37.686,-0.038
37.698,-0.038
37.713,-0.038
37.725,-0.038
37.737,-0.038
37.751,-0.038
37.763,-0.038
37.787,-0.038
37.798,-0.038
37.812,-0.038
37.824,-0.038
37.836,-0.038
37.849,-0.038
37.861,-0.037
37.874,-0.037
37.887,-0.037
37.899,-0.037
37.913,-0.036
37.924,-0.036
37.936,-0.035
37.949,-0.035
37.961,-0.034
37.976,-0.034
37.986,-0.034
37.999,-0.033
38.014,-0.033
38.036,-0.033
38.049,-0.033
38.061,-0.033
38.074,-0.033
38.086,-0.032
38.099,-0.032
38.111,-0.032
38.124,-0.032
38.136,-0.032
38.15,-0.032
38.162,-0.032
38.174,-0.032
38.186,-0.032
38.199,-0.032
38.211,-0.032
38.224,-0.031
38.237,-0.031
38.249,-0.031
38.26,-0.031
38.275,-0.03
38.286,-0.03
38.299,-0.03
38.311,-0.029
38.324,-0.029
38.336,-0.029
38.349,-0.028
38.363,-0.027
38.387,-0.025
38.4,-0.024
38.412,-0.024
38.425,-0.023
38.437,-0.023
38.45,-0.023
38.462,-0.023
38.476,-0.023
38.488,-0.023
38.498,-0.023
38.511,-0.023
38.525,-0.023
38.537,-0.023
38.549,-0.023
38.564,-0.023
38.575,-0.023
38.588,-0.024
38.598,-0.024
38.611,-0.024
38.626,-0.025
38.637,-0.025
38.649,-0.025
38.662,-0.025
38.674,-0.026
38.688,-0.026
38.7,-0.026
38.713,-0.026
38.724,-0.027
38.738,-0.027
38.749,-0.027
38.761,-0.027
38.775,-0.027
38.786,-0.028
38.811,-0.028
38.824,-0.028
38.836,-0.029
38.85,-0.029
38.861,-0.029
38.874,-0.029
38.886,-0.029
38.899,-0.029
38.911,-0.03
38.926,-0.03
38.936,-0.03
38.949,-0.03
38.961,-0.03
38.974,-0.03
38.986,-0.03
39,-0.03
39.011,-0.03
39.025,-0.031
39.049,-0.031
39.061,-0.032
39.074,-0.032
39.086,-0.032
39.099,-0.033
39.112,-0.033
39.124,-0.034
39.138,-0.034
39.148,-0.035
39.162,-0.035
39.175,-0.035
39.187,-0.036
39.199,-0.036
39.212,-0.036
39.226,-0.036
39.237,-0.036
39.249,-0.036
39.263,-0.036
39.275,-0.036
39.286,-0.036
39.299,-0.036
39.312,-0.036
39.326,-0.036
39.337,-0.036
39.349,-0.036
39.362,-0.036
39.375,-0.036
39.387,-0.036
39.399,-0.036
39.411,-0.036
39.424,-0.036
39.436,-0.036
39.45,-0.036
39.461,-0.036
39.474,-0.036
39.486,-0.036
39.5,-0.035
39.511,-0.035
39.525,-0.035
39.536,-0.035
39.549,-0.034
39.561,-0.034
39.574,-0.034
39.586,-0.034
39.599,-0.034
39.614,-0.033
39.624,-0.033
39.636,-0.033
39.65,-0.033
39.661,-0.033
39.674,-0.033
39.687,-0.033
39.701,-0.033
39.711,-0.033
39.725,-0.033
39.737,-0.033
39.75,-0.033
39.763,-0.033
39.774,-0.033
39.788,-0.032
39.799,-0.032
39.812,-0.032
39.824,-0.032
39.838,-0.031
39.849,-0.031
39.862,-0.031
39.873,-0.031
39.886,-0.03
39.899,-0.03
39.912,-0.029
39.924,-0.029
39.937,-0.029
39.961,-0.028
39.973,-0.028
39.986,-0.028
40,-0.027
40.011,-0.027
40.023,-0.026
40.037,-0.026
40.049,-0.026
40.063,-0.025
40.075,-0.025
40.087,-0.024
40.099,-0.024
40.111,-0.024
40.124,-0.024
40.137,-0.024
40.177,-0.024
40.178,-0.024
40.186,-0.024
40.199,-0.024
40.211,-0.024
40.224,-0.024
40.237,-0.024
40.249,-0.024
40.26,-0.025
40.274,-0.025
40.286,-0.025
40.299,-0.025
40.311,-0.026
40.324,-0.026
40.336,-0.026
40.35,-0.026
40.362,-0.026
40.374,-0.027
40.386,-0.027
40.399,-0.027
40.411,-0.026
40.424,-0.026
40.437,-0.026
40.449,-0.027
40.462,-0.027
40.473,-0.027
40.486,-0.027
40.499,-0.027
40.512,-0.027
40.524,-0.027
40.537,-0.027
40.548,-0.027
40.562,-0.027
40.574,-0.028
40.587,-0.028
40.598,-0.028
40.612,-0.028
40.624,-0.028
40.636,-0.029
40.65,-0.029
40.662,-0.03
40.674,-0.03
40.686,-0.03
40.699,-0.031
40.711,-0.031
40.725,-0.032
40.737,-0.033
40.749,-0.033
40.761,-0.034
40.777,-0.035
40.787,-0.035
40.799,-0.036
40.811,-0.036
40.826,-0.037
40.836,-0.038
40.849,-0.038
40.861,-0.039
40.886,-0.039
40.899,-0.039
40.911,-0.039
40.925,-0.04
40.935,-0.04
40.949,-0.041
40.961,-0.041
40.974,-0.041
40.985,-0.041
40.999,-0.041
41.012,-0.041
41.024,-0.041
41.037,-0.04
41.049,-0.04
41.062,-0.04
41.074,-0.041
41.087,-0.041
41.099,-0.04
41.112,-0.04
41.124,-0.04
41.137,-0.04
41.149,-0.04
41.161,-0.04
41.174,-0.04
41.187,-0.04
41.198,-0.04
41.212,-0.04
41.224,-0.04
41.237,-0.04
41.251,-0.04
41.261,-0.04
41.274,-0.04
41.286,-0.04
41.298,-0.04
41.311,-0.04
41.324,-0.039
41.337,-0.039
41.349,-0.039
41.361,-0.039
41.375,-0.039
41.386,-0.038
41.399,-0.038
41.413,-0.038
41.425,-0.037
41.437,-0.037
41.461,-0.036
41.474,-0.036
41.486,-0.036
41.499,-0.036
41.511,-0.035
41.524,-0.035
41.536,-0.035
41.549,-0.035
41.561,-0.035
41.574,-0.034
41.586,-0.034
41.599,-0.034
41.614,-0.034
41.625,-0.034
41.636,-0.033
41.649,-0.033
41.662,-0.033
41.675,-0.032
41.687,-0.031
41.699,-0.031
41.712,-0.031
41.725,-0.031
41.737,-0.031
41.748,-0.031
41.761,-0.03
41.774,-0.031
41.786,-0.031
41.798,-0.031
41.812,-0.031
41.823,-0.031
41.838,-0.031
41.849,-0.031
41.862,-0.031
41.874,-0.031
41.886,-0.031
41.898,-0.031
41.912,-0.031
41.924,-0.031
41.936,-0.031
41.949,-0.031
41.961,-0.031
41.976,-0.031
41.986,-0.031
42,-0.031
42.011,-0.031
42.024,-0.031
42.036,-0.031
42.049,-0.031
42.061,-0.031
42.074,-0.031
42.086,-0.031
42.099,-0.031
42.111,-0.032
42.124,-0.032
42.136,-0.032
42.149,-0.033
42.161,-0.033
42.174,-0.034
42.187,-0.034
42.199,-0.035
42.211,-0.035
42.224,-0.036
42.237,-0.036
42.249,-0.037
42.261,-0.037
42.274,-0.037
42.287,-0.038
42.299,-0.038
42.313,-0.039
42.324,-0.039
42.336,-0.039
42.35,-0.04
42.362,-0.04
42.374,-0.04
42.386,-0.041
42.399,-0.041
42.412,-0.041
42.424,-0.041
42.436,-0.042
42.448,-0.042
42.462,-0.042
42.473,-0.042
42.486,-0.043
42.498,-0.043
42.512,-0.043
42.524,-0.043
42.536,-0.043
42.563,-0.043
42.587,-0.043
42.6,-0.043
42.615,-0.043
42.624,-0.043
42.637,-0.043
42.649,-0.043
42.663,-0.043
42.674,-0.043
42.701,-0.043
42.716,-0.043
42.726,-0.043
42.74,-0.043
42.751,-0.043
42.762,-0.042
42.787,-0.042
42.799,-0.042
42.811,-0.041
42.826,-0.041
42.836,-0.041
42.849,-0.04
42.861,-0.04
42.878,-0.039
42.886,-0.039
42.899,-0.039
42.912,-0.038
42.925,-0.037
42.937,-0.037
42.949,-0.036
42.963,-0.035
42.974,-0.035
42.986,-0.034
42.998,-0.034
43.012,-0.033
43.024,-0.033
43.036,-0.033
43.049,-0.032
43.061,-0.032
43.074,-0.032
43.086,-0.031
43.098,-0.031
43.112,-0.03
43.124,-0.03
43.149,-0.028
43.161,-0.028
43.175,-0.027
43.186,-0.026
43.199,-0.026
43.211,-0.025
43.225,-0.025
43.25,-0.025
43.261,-0.024
43.274,-0.024
43.286,-0.025
43.3,-0.025
43.312,-0.025
43.324,-0.025
43.337,-0.025
43.349,-0.025
43.361,-0.025
43.374,-0.025
43.386,-0.025
43.399,-0.025
43.411,-0.025
43.424,-0.025
43.437,-0.026
43.449,-0.026
43.46,-0.026
43.474,-0.026
43.487,-0.026
43.499,-0.026
43.512,-0.026
43.524,-0.026
43.535,-0.026
43.548,-0.026
43.561,-0.027
43.573,-0.027
43.587,-0.027
43.6,-0.027
43.612,-0.027
43.624,-0.028
43.637,-0.028
43.648,-0.028
43.661,-0.029
43.675,-0.029
43.688,-0.029
43.699,-0.029
43.711,-0.03
43.724,-0.03
43.737,-0.03
43.749,-0.03
43.761,-0.03
43.774,-0.031
43.787,-0.031
43.798,-0.031
43.812,-0.031
43.824,-0.032
43.836,-0.032
43.85,-0.032
43.861,-0.033
43.874,-0.034
43.886,-0.034
43.899,-0.034
43.911,-0.034
43.925,-0.035
43.936,-0.036
43.949,-0.036
43.961,-0.036
43.974,-0.036
43.986,-0.036
43.999,-0.036
44.011,-0.036
44.036,-0.036
44.049,-0.036
44.061,-0.035
44.074,-0.035
44.086,-0.035
44.099,-0.035
44.111,-0.035
44.125,-0.035
44.136,-0.035
44.149,-0.035
44.162,-0.035
44.174,-0.035
44.187,-0.035
44.2,-0.035
44.211,-0.035
44.225,-0.034
44.236,-0.034
44.249,-0.034
44.261,-0.034
44.275,-0.034
44.29,-0.034
44.311,-0.034
44.324,-0.034
44.337,-0.034
44.348,-0.034
44.361,-0.034
44.374,-0.034
44.386,-0.034
44.399,-0.034
44.412,-0.034
44.424,-0.034
44.437,-0.034
44.449,-0.034
44.463,-0.034
44.473,-0.034
44.486,-0.034
44.499,-0.034
44.511,-0.034
44.524,-0.033
44.537,-0.033
44.561,-0.033
44.575,-0.033
44.586,-0.033
44.599,-0.033
44.611,-0.032
44.624,-0.032
44.636,-0.032
44.651,-0.032
44.662,-0.031
44.675,-0.031
44.686,-0.031
44.702,-0.031
44.716,-0.031
44.724,-0.029
44.737,-0.029
44.749,-0.028
44.762,-0.028
44.775,-0.028
44.786,-0.028
44.799,-0.027
44.814,-0.027
44.825,-0.027
44.839,-0.027
44.849,-0.027
44.863,-0.027
44.879,-0.027
44.887,-0.027
44.9,-0.027
44.912,-0.027
44.937,-0.028
44.949,-0.028
44.962,-0.028
44.975,-0.028
44.998,-0.028
45.011,-0.028
45.024,-0.029
45.037,-0.029
45.048,-0.029
45.073,-0.029
45.087,-0.029
45.099,-0.029
45.111,-0.029
45.125,-0.029
45.138,-0.029
45.149,-0.029
45.163,-0.029
45.175,-0.029
45.186,-0.029
45.2,-0.029
45.211,-0.029
45.224,-0.029
45.237,-0.029
45.249,-0.029
45.263,-0.029
45.274,-0.029
45.286,-0.029
45.299,-0.029
45.313,-0.029
45.327,-0.029
45.336,-0.029
45.349,-0.028
45.361,-0.028
45.375,-0.028
45.386,-0.028
45.399,-0.028
45.411,-0.028
45.424,-0.028
45.436,-0.028
45.449,-0.029
45.462,-0.029
45.474,-0.029
45.487,-0.029
45.513,-0.029
45.524,-0.029
45.537,-0.029
45.549,-0.029
45.561,-0.029
45.575,-0.029
45.59,-0.029
45.598,-0.029
45.612,-0.029
45.623,-0.029
45.636,-0.029
45.649,-0.029
45.662,-0.029
45.675,-0.029
45.7,-0.029
45.712,-0.029
45.725,-0.029
45.737,-0.029
45.762,-0.029
45.774,-0.029
45.787,-0.029
45.8,-0.029
45.811,-0.029
45.824,-0.029
45.836,-0.029
45.849,-0.029
45.861,-0.029
45.875,-0.029
45.886,-0.029
45.9,-0.029
45.913,-0.029
45.936,-0.029
45.949,-0.029
45.961,-0.029
45.975,-0.028
45.986,-0.028
45.999,-0.028
46.011,-0.028
46.024,-0.028
46.038,-0.028
46.05,-0.028
46.061,-0.028
46.075,-0.028
46.088,-0.029
46.099,-0.029
46.111,-0.03
46.125,-0.03
46.136,-0.031
46.149,-0.031
46.162,-0.032
46.174,-0.032
46.187,-0.032
46.199,-0.032
46.212,-0.031
46.224,-0.031
46.237,-0.031
46.261,-0.03
46.273,-0.03
46.286,-0.03
46.298,-0.03
46.311,-0.03
46.324,-0.03
46.337,-0.03
46.349,-0.03
46.361,-0.03
46.374,-0.031
46.386,-0.031
46.399,-0.031
46.411,-0.031
46.425,-0.032
46.436,-0.032
46.449,-0.032
46.461,-0.032
46.475,-0.032
46.487,-0.032
46.499,-0.032
46.512,-0.032
46.524,-0.032
46.536,-0.032
46.549,-0.032
46.561,-0.032
46.574,-0.032
46.586,-0.032
46.599,-0.032
46.613,-0.032
46.625,-0.032
46.636,-0.032
46.649,-0.032
46.662,-0.032
46.674,-0.032
46.687,-0.031
46.699,-0.031
46.711,-0.031
46.725,-0.03
46.737,-0.03
46.749,-0.029
46.761,-0.028
46.774,-0.028
46.787,-0.028
46.799,-0.027
46.811,-0.026
46.825,-0.026
46.841,-0.025
46.849,-0.025
46.866,-0.025
46.874,-0.025
46.886,-0.025
46.899,-0.025
46.913,-0.025
46.924,-0.025
46.937,-0.025
46.949,-0.026
46.961,-0.026
46.974,-0.027
46.989,-0.027
47,-0.028
47.013,-0.028
47.024,-0.029
47.036,-0.029
47.049,-0.03
47.062,-0.031
47.074,-0.031
47.086,-0.031
47.1,-0.032
47.112,-0.032
47.125,-0.032
47.137,-0.032
47.149,-0.032
47.161,-0.032
47.175,-0.032
47.186,-0.032
47.2,-0.032
47.211,-0.032
47.225,-0.032
47.238,-0.032
47.249,-0.032
47.261,-0.032
47.275,-0.032
47.287,-0.032
47.301,-0.032
47.311,-0.032
47.325,-0.032
47.336,-0.032
47.349,-0.032
47.361,-0.032
47.374,-0.032
47.386,-0.032
47.398,-0.032
47.412,-0.032
47.424,-0.032
47.437,-0.032
47.449,-0.032
47.462,-0.032
47.476,-0.032
47.486,-0.032
47.498,-0.032
47.516,-0.031
47.537,-0.031
47.549,-0.031
47.562,-0.03
47.574,-0.03
47.586,-0.03
47.599,-0.03
47.611,-0.03
47.624,-0.031
47.637,-0.031
47.649,-0.031
47.663,-0.031
47.673,-0.031
47.687,-0.031
47.699,-0.032
47.714,-0.032
47.725,-0.032
47.738,-0.032
47.75,-0.032
47.762,-0.032
47.776,-0.032
47.786,-0.032
47.799,-0.032
47.811,-0.032
47.825,-0.032
47.836,-0.032
47.849,-0.032
47.861,-0.032
47.874,-0.032
47.886,-0.032
47.899,-0.032
47.911,-0.032
47.926,-0.032
47.936,-0.032
47.951,-0.032
47.961,-0.032
47.974,-0.032
47.986,-0.032
47.999,-0.032
48.011,-0.032
48.024,-0.032
48.038,-0.032
48.049,-0.032
48.062,-0.032
48.074,-0.032
48.088,-0.032
48.099,-0.032
48.111,-0.032
48.124,-0.032
48.137,-0.032
48.15,-0.032
48.162,-0.032
48.175,-0.032
48.187,-0.032
48.199,-0.032
48.212,-0.032
48.224,-0.032
48.237,-0.032
48.249,-0.032
48.261,-0.032
48.273,-0.032
48.287,-0.032
48.299,-0.032
48.311,-0.032
48.325,-0.032
48.336,-0.032
48.349,-0.032
48.362,-0.032
48.374,-0.032
48.387,-0.032
48.399,-0.032
48.411,-0.032
48.424,-0.032
48.436,-0.032
48.449,-0.032
48.461,-0.032
48.474,-0.032
48.486,-0.032
48.499,-0.032
48.511,-0.032
48.524,-0.032
48.538,-0.032
48.55,-0.032
48.561,-0.032
48.574,-0.032
48.586,-0.032
48.599,-0.032
48.611,-0.032
48.624,-0.032
48.636,-0.032
48.649,-0.032
48.661,-0.032
48.675,-0.032
48.686,-0.032
48.698,-0.032
48.712,-0.032
48.728,-0.032
48.748,-0.032
48.762,-0.032
48.774,-0.032
48.787,-0.032
48.8,-0.032
48.817,-0.032
48.839,-0.032
48.85,-0.032
48.862,-0.032
48.876,-0.032
48.886,-0.032
48.899,-0.032
48.912,-0.032
48.925,-0.032
48.937,-0.032
48.962,-0.032
48.975,-0.032
48.988,-0.032
48.999,-0.032
49.012,-0.032
49.025,-0.032
49.036,-0.032
49.05,-0.032
49.061,-0.032
49.075,-0.032
49.087,-0.032
49.099,-0.032
49.112,-0.032
49.124,-0.032
49.136,-0.032
49.149,-0.032
49.176,-0.032
49.177,-0.032
49.186,-0.032
49.2,-0.032
49.211,-0.032
49.225,-0.032
49.237,-0.032
49.249,-0.032
49.263,-0.032
49.276,-0.032
49.298,-0.032
49.312,-0.032
49.325,-0.032
49.336,-0.032
49.352,-0.032
49.362,-0.032
49.375,-0.032
49.386,-0.032
49.398,-0.032
49.412,-0.032
49.424,-0.032
49.437,-0.032
49.453,-0.032
49.463,-0.032
49.486,-0.032
49.498,-0.032
49.511,-0.032
49.523,-0.032
49.537,-0.032
49.549,-0.032
49.561,-0.032
49.574,-0.032
49.586,-0.032
49.599,-0.032
49.611,-0.032
49.625,-0.032
49.636,-0.032
49.65,-0.032
49.661,-0.032
49.675,-0.032
49.686,-0.032
49.699,-0.032
49.711,-0.032
49.725,-0.032
49.74,-0.032
49.752,-0.032
49.761,-0.032
49.774,-0.032
49.786,-0.032
49.799,-0.032
49.811,-0.032
49.826,-0.032
49.836,-0.032
49.849,-0.032
49.862,-0.032
49.905,-0.032
49.906,-0.032
49.912,-0.032
49.937,-0.032
49.948,-0.032
49.962,-0.032
49.973,-0.032
49.987,-0.032
49.998,-0.032
50.011,-0.032
50.024,-0.032
50.038,-0.032
50.048,-0.032
50.062,-0.032
50.075,-0.032
50.086,-0.032
50.099,-0.032
50.111,-0.032
50.125,-0.032
50.137,-0.032
50.151,-0.032
50.162,-0.032
50.174,-0.032
50.186,-0.032
50.2,-0.032
50.212,-0.032
50.225,-0.032
50.237,-0.032
50.249,-0.032
50.262,-0.032
50.274,-0.032
50.288,-0.032
50.3,-0.032
50.311,-0.032
50.325,-0.032
50.336,-0.032
50.352,-0.032
50.361,-0.032
50.386,-0.032
50.399,-0.032
50.411,-0.032
50.425,-0.032
50.436,-0.032
50.449,-0.032
50.461,-0.032
50.474,-0.032
50.499,-0.032
50.511,-0.032
50.524,-0.032
50.536,-0.032
50.549,-0.032
50.561,-0.032
50.574,-0.032
50.587,-0.032
50.599,-0.032
50.612,-0.032
50.624,-0.032
50.637,-0.032
50.649,-0.032
50.662,-0.032
50.674,-0.032
50.687,-0.032
50.699,-0.032
50.712,-0.032
50.727,-0.032
50.74,-0.032
50.748,-0.032
50.762,-0.032
50.779,-0.032
50.786,-0.032
50.8,-0.032
50.812,-0.032
50.837,-0.032
50.85,-0.032
50.861,-0.032
50.874,-0.032
50.886,-0.032
50.9,-0.032
50.911,-0.032
50.925,-0.032
50.937,-0.032
50.95,-0.032
50.961,-0.032
50.974,-0.032
50.999,-0.032
51.011,-0.032
51.025,-0.032
51.036,-0.032
51.05,-0.032
51.062,-0.032
51.075,-0.032
51.086,-0.032
51.103,-0.032
51.111,-0.032
51.124,-0.032
51.137,-0.032
51.149,-0.032
51.162,-0.032
51.173,-0.032
51.186,-0.032
51.199,-0.032
51.212,-0.032
51.224,-0.032
51.237,-0.032
51.249,-0.032
51.262,-0.032
51.274,-0.032
51.287,-0.032
51.3,-0.032
51.312,-0.032
51.325,-0.032
51.336,-0.032
51.348,-0.032
51.363,-0.032
51.374,-0.032
51.387,-0.032
51.399,-0.032
51.411,-0.032
51.424,-0.032
51.437,-0.032
51.449,-0.032
51.462,-0.032
51.475,-0.032
51.5,-0.032
51.514,-0.032
51.525,-0.032
51.537,-0.032
51.55,-0.032
51.563,-0.032
51.575,-0.032
51.587,-0.032
51.6,-0.032
51.611,-0.032
51.661,-0.032
51.674,-0.032
51.699,-0.032
51.711,-0.032
51.724,-0.032
51.737,-0.032
51.749,-0.032
51.762,-0.032
51.787,-0.032
51.799,-0.032
51.812,-0.032
51.826,-0.032
51.837,-0.032
51.848,-0.032
51.862,-0.032
51.874,-0.032
51.887,-0.032
51.899,-0.032
51.912,-0.032
51.924,-0.032
51.936,-0.032
51.949,-0.032
51.961,-0.032
51.974,-0.032
51.987,-0.032
51.998,-0.032
52.011,-0.032
52.024,-0.032
52.036,-0.032
52.049,-0.032
52.061,-0.032
52.074,-0.032
52.086,-0.032
52.099,-0.032
52.111,-0.032
52.124,-0.032
52.136,-0.032
52.15,-0.032
52.161,-0.032
52.174,-0.032
52.186,-0.032
52.199,-0.032
52.211,-0.032
52.224,-0.032
52.237,-0.032
52.249,-0.032
52.261,-0.032
52.274,-0.032
52.286,-0.032
52.299,-0.032
52.312,-0.032
52.324,-0.032
52.336,-0.032
52.349,-0.032
52.361,-0.032
52.374,-0.032
52.386,-0.032
52.399,-0.032
52.413,-0.032
52.424,-0.032
52.437,-0.032
52.448,-0.032
52.462,-0.032
52.474,-0.032
52.486,-0.032
52.499,-0.032
52.512,-0.032
52.525,-0.032
52.536,-0.032
52.548,-0.032
52.562,-0.032
52.573,-0.032
52.587,-0.032
52.598,-0.032
52.611,-0.032
52.624,-0.032
52.636,-0.032
52.649,-0.032
52.661,-0.032
52.674,-0.032
52.687,-0.032
52.699,-0.032
52.711,-0.032
52.725,-0.032
52.738,-0.032
52.749,-0.032
52.761,-0.032
52.774,-0.032
52.788,-0.032
52.8,-0.032
52.811,-0.032
52.837,-0.032
52.85,-0.032
52.863,-0.032
52.875,-0.032
52.887,-0.032
52.9,-0.032
52.914,-0.032
52.925,-0.032
52.939,-0.032
52.949,-0.032
52.962,-0.032
52.974,-0.032
52.986,-0.032
52.999,-0.032
53.012,-0.032
53.024,-0.032
53.037,-0.032
53.053,-0.032
53.062,-0.032
53.075,-0.032
53.088,-0.032
53.099,-0.032
53.111,-0.032
53.127,-0.032
53.136,-0.032
53.15,-0.032
53.162,-0.032
53.174,-0.032
53.186,-0.032
53.198,-0.032
53.212,-0.032
53.224,-0.032
53.238,-0.032
53.249,-0.032
53.262,-0.032
53.273,-0.032
53.286,-0.032
53.3,-0.032
53.312,-0.032
53.324,-0.032
53.337,-0.032
53.349,-0.032
53.361,-0.032
53.376,-0.032
53.386,-0.032
53.399,-0.032
53.411,-0.032
53.425,-0.032
53.436,-0.032
53.449,-0.032
53.461,-0.032
53.486,-0.032
53.499,-0.032
53.512,-0.032
53.524,-0.032
53.536,-0.032
53.549,-0.032
53.562,-0.032
53.574,-0.032
53.586,-0.032
53.599,-0.032
53.611,-0.032
53.624,-0.032
53.637,-0.032
53.65,-0.032
53.662,-0.032
53.674,-0.032
53.687,-0.032
53.699,-0.032
53.711,-0.032
